2050401	Prakash Shrestha	prakash.shrestha@gmail.com	1001	BIT	
2050402	Pranav Regmi	pranav_regmi@yahoo.com	1002	BIBM	
2050403	Karuna Shrestha	Karuna21@gmail.com	1001	BIT	
2050404	Grishma Paudel	grishma_paudel400@yahoo.com	1002	BIBM	
2050405	Sanskar Silwal	sanskarsilwal_79@gmail.com	1001	BIT	
2050406	Yesh Koirala	yesh_at_koirala@gmail.com	1001	BIT	
2050407	Aparna Shrestha	aparna.shrestha@yahoo.com	1001	BIT	
2050408	Balram Kunwar	blaramKunwar@yahoo.com	1002	BIBM	
2050409	Roshan SOmeone	roshan.someone@gmail.com	1001	BIT	
